<?xml version="1.0"?>
<opencv_storage>
<cascade>
  <stageType>BOOST</stageType>
  <featureType>HAAR</featureType>
  <height>24</height>
  <width>24</width>
  <stageParams>
    <boostType>GAB</boostType>
    <minHitRate>9.9900001287460327e-01</minHitRate>
    <maxFalseAlarm>4.0000000596046448e-01</maxFalseAlarm>
    <weightTrimRate>9.4999999999999996e-01</weightTrimRate>
    <maxDepth>1</maxDepth>
    <maxWeakCount>100</maxWeakCount></stageParams>
  <featureParams>
    <maxCatCount>0</maxCatCount>
    <featSize>1</featSize>
    <mode>BASIC</mode></featureParams>
  <stageNum>12</stageNum>
  <stages>
    <!-- stage 0 -->
    <_>
      <maxWeakCount>3</maxWeakCount>
      <stageThreshold>-1.2815593481063843e+00</stageThreshold>
      <weakClassifiers>
        <_>
          <internalNodes>
            0 -1 29 -2.6531535387039185e-01</internalNodes>
          <leafValues>
            -9.7701150178909302e-01 1.5151515603065491e-01</leafValues></_>
        <_>
          <internalNodes>
            0 -1 73 3.3036179840564728e-02</internalNodes>
          <leafValues>
            -7.2519451379776001e-01 8.4022516012191772e-01</leafValues></_>
        <_>
          <internalNodes>
            0 -1 113 -4.1663810610771179e-02</internalNodes>
          <leafValues>
            -9.3661451339721680e-01 4.2064669728279114e-01</leafValues></_></weakClassifiers></_>
    <!-- stage 1 -->
    <_>
      <maxWeakCount>7</maxWeakCount>
      <stageThreshold>-1.5778355598449707e+00</stageThreshold>
      <weakClassifiers>
        <_>
          <internalNodes>
            0 -1 49 1.4340322464704514e-02</internalNodes>
          <leafValues>
            -8.1261950731277466e-01 3.2467532157897949e-01</leafValues></_>
        <_>
          <internalNodes>
            0 -1 6 -7.0590246468782425e-03</internalNodes>
          <leafValues>
            6.8404257297515869e-01 -4.9814325571060181e-01</leafValues></_>
        <_>
          <internalNodes>
            0 -1 129 1.0002681985497475e-02</internalNodes>
          <leafValues>
            -3.5684755444526672e-01 7.5740498304367065e-01</leafValues></_>
        <_>
          <internalNodes>
            0 -1 14 -2.1922769024968147e-02</internalNodes>
          <leafValues>
            7.6397258043289185e-01 -3.1399649381637573e-01</leafValues></_>
        <_>
          <internalNodes>
            0 -1 78 -2.2847860236652195e-04</internalNodes>
          <leafValues>
            4.7088450193405151e-01 -5.7153099775314331e-01</leafValues></_>
        <_>
          <internalNodes>
            0 -1 51 1.2028008699417114e-02</internalNodes>
          <leafValues>
            -3.4323534369468689e-01 6.4455568790435791e-01</leafValues></_>
        <_>
          <internalNodes>
            0 -1 71 -4.8528384417295456e-02</internalNodes>
          <leafValues>
            -9.2709094285964966e-01 2.7612203359603882e-01</leafValues></_></weakClassifiers></_>
    <!-- stage 2 -->
    <_>
      <maxWeakCount>8</maxWeakCount>
      <stageThreshold>-1.6270295381546021e+00</stageThreshold>
      <weakClassifiers>
        <_>
          <internalNodes>
            0 -1 60 5.1783770322799683e-02</internalNodes>
          <leafValues>
            -8.1818181276321411e-01 4.4444444775581360e-01</leafValues></_>
        <_>
          <internalNodes>
            0 -1 126 3.4453733824193478e-03</internalNodes>
          <leafValues>
            -5.2110916376113892e-01 3.8695532083511353e-01</leafValues></_>
        <_>
          <internalNodes>
            0 -1 86 -2.3107819259166718e-02</internalNodes>
          <leafValues>
            1.8288460373878479e-01 -9.5233714580535889e-01</leafValues></_>
        <_>
          <internalNodes>
            0 -1 9 -8.4966458380222321e-03</internalNodes>
          <leafValues>
            6.5764582157135010e-01 -2.9777401685714722e-01</leafValues></_>
        <_>
          <internalNodes>
            0 -1 52 5.5540574248880148e-04</internalNodes>
          <leafValues>
            -2.5696116685867310e-01 5.2375447750091553e-01</leafValues></_>
        <_>
          <internalNodes>
            0 -1 110 3.7999920547008514e-02</internalNodes>
          <leafValues>
            -2.2597408294677734e-01 6.5327495336532593e-01</leafValues></_>
        <_>
          <internalNodes>
            0 -1 38 -4.8657096922397614e-02</internalNodes>
          <leafValues>
            6.8704473972320557e-01 -2.1762873232364655e-01</leafValues></_>
        <_>
          <internalNodes>
            0 -1 34 3.7764841690659523e-03</internalNodes>
          <leafValues>
            -3.5153421759605408e-01 5.6150972843170166e-01</leafValues></_></weakClassifiers></_>
    <!-- stage 3 -->
    <_>
      <maxWeakCount>13</maxWeakCount>
      <stageThreshold>-1.5087051391601563e+00</stageThreshold>
      <weakClassifiers>
        <_>
          <internalNodes>
            0 -1 89 3.6675274372100830e-02</internalNodes>
          <leafValues>
            -7.9358714818954468e-01 -3.9603959769010544e-02</leafValues></_>
        <_>
          <internalNodes>
            0 -1 7 -2.5295931845903397e-02</internalNodes>
          <leafValues>
            2.9524472355842590e-01 -5.1345789432525635e-01</leafValues></_>
        <_>
          <internalNodes>
            0 -1 30 -2.0656153559684753e-02</internalNodes>
          <leafValues>
            4.0355071425437927e-01 -3.2067385315895081e-01</leafValues></_>
        <_>
          <internalNodes>
            0 -1 47 1.3974596746265888e-02</internalNodes>
          <leafValues>
            -2.6310223340988159e-01 5.7496279478073120e-01</leafValues></_>
        <_>
          <internalNodes>
            0 -1 128 1.4068853110074997e-02</internalNodes>
          <leafValues>
            -1.8699720501899719e-01 7.7813905477523804e-01</leafValues></_>
        <_>
          <internalNodes>
            0 -1 55 -1.1953005567193031e-02</internalNodes>
          <leafValues>
            4.4992053508758545e-01 -2.6490813493728638e-01</leafValues></_>
        <_>
          <internalNodes>
            0 -1 119 5.5090682581067085e-03</internalNodes>
          <leafValues>
            -2.2897675633430481e-01 5.0835984945297241e-01</leafValues></_>
        <_>
          <internalNodes>
            0 -1 81 -3.7762962281703949e-02</internalNodes>
          <leafValues>
            -9.6912604570388794e-01 1.6655203700065613e-01</leafValues></_>
        <_>
          <internalNodes>
            0 -1 45 1.9030734896659851e-02</internalNodes>
          <leafValues>
            -2.2931246459484100e-01 5.8443081378936768e-01</leafValues></_>
        <_>
          <internalNodes>
            0 -1 64 2.1625359659083188e-04</internalNodes>
          <leafValues>
            -3.2120153307914734e-01 3.8072818517684937e-01</leafValues></_>
        <_>
          <internalNodes>
            0 -1 20 -1.2257000431418419e-02</internalNodes>
          <leafValues>
            4.5801120996475220e-01 -2.8640499711036682e-01</leafValues></_>
        <_>
          <internalNodes>
            0 -1 120 -9.1817528009414673e-03</internalNodes>
          <leafValues>
            5.6792247295379639e-01 -1.7843975126743317e-01</leafValues></_>
        <_>
          <internalNodes>
            0 -1 103 -1.8793119117617607e-02</internalNodes>
          <leafValues>
            4.9504637718200684e-01 -2.5712665915489197e-01</leafValues></_></weakClassifiers></_>
    <!-- stage 4 -->
    <_>
      <maxWeakCount>11</maxWeakCount>
      <stageThreshold>-1.4701702594757080e+00</stageThreshold>
      <weakClassifiers>
        <_>
          <internalNodes>
            0 -1 3 5.8097988367080688e-02</internalNodes>
          <leafValues>
            -7.2848272323608398e-01 2.8767123818397522e-01</leafValues></_>
        <_>
          <internalNodes>
            0 -1 105 1.6994535923004150e-02</internalNodes>
          <leafValues>
            -4.4815555214881897e-01 3.1635886430740356e-01</leafValues></_>
        <_>
          <internalNodes>
            0 -1 25 -3.2376497983932495e-02</internalNodes>
          <leafValues>
            4.4355374574661255e-01 -3.0353689193725586e-01</leafValues></_>
        <_>
          <internalNodes>
            0 -1 107 4.4868811964988708e-03</internalNodes>
          <leafValues>
            -2.5752559304237366e-01 5.3392666578292847e-01</leafValues></_>
        <_>
          <internalNodes>
            0 -1 116 1.3828460127115250e-02</internalNodes>
          <leafValues>
            -2.3867878317832947e-01 5.2954345941543579e-01</leafValues></_>
        <_>
          <internalNodes>
            0 -1 83 -1.0387969203293324e-02</internalNodes>
          <leafValues>
            3.0829572677612305e-01 -4.8065263032913208e-01</leafValues></_>
        <_>
          <internalNodes>
            0 -1 8 -4.0221336483955383e-01</internalNodes>
          <leafValues>
            1.7585287988185883e-01 -9.7357034683227539e-01</leafValues></_>
        <_>
          <internalNodes>
            0 -1 54 -3.6796718835830688e-02</internalNodes>
          <leafValues>
            -6.4116781949996948e-01 1.9513781368732452e-01</leafValues></_>
        <_>
          <internalNodes>
            0 -1 11 -3.4659340977668762e-02</internalNodes>
          <leafValues>
            7.2359263896942139e-01 -1.9654741883277893e-01</leafValues></_>
        <_>
          <internalNodes>
            0 -1 96 -5.2678319625556469e-03</internalNodes>
          <leafValues>
            3.6885800957679749e-01 -3.3221104741096497e-01</leafValues></_>
        <_>
          <internalNodes>
            0 -1 44 -2.5319552514702082e-03</internalNodes>
          <leafValues>
            4.7757115960121155e-01 -2.5287047028541565e-01</leafValues></_></weakClassifiers></_>
    <!-- stage 5 -->
    <_>
      <maxWeakCount>10</maxWeakCount>
      <stageThreshold>-1.3089859485626221e+00</stageThreshold>
      <weakClassifiers>
        <_>
          <internalNodes>
            0 -1 18 5.2907690405845642e-03</internalNodes>
          <leafValues>
            -7.6158940792083740e-01 3.4965034574270248e-02</leafValues></_>
        <_>
          <internalNodes>
            0 -1 2 -8.7920054793357849e-03</internalNodes>
          <leafValues>
            3.7156713008880615e-01 -3.6699345707893372e-01</leafValues></_>
        <_>
          <internalNodes>
            0 -1 114 2.7730345726013184e-02</internalNodes>
          <leafValues>
            -2.7396458387374878e-01 4.7486495971679688e-01</leafValues></_>
        <_>
          <internalNodes>
            0 -1 59 -5.0081420689821243e-02</internalNodes>
          <leafValues>
            1.1815773695707321e-01 -9.2557746171951294e-01</leafValues></_>
        <_>
          <internalNodes>
            0 -1 50 -5.2779637277126312e-02</internalNodes>
          <leafValues>
            -1.8923561275005341e-01 6.2627190351486206e-01</leafValues></_>
        <_>
          <internalNodes>
            0 -1 37 -1.1504447087645531e-02</internalNodes>
          <leafValues>
            6.8990832567214966e-01 -1.6575154662132263e-01</leafValues></_>
        <_>
          <internalNodes>
            0 -1 43 -4.4810341205447912e-04</internalNodes>
          <leafValues>
            3.2456266880035400e-01 -2.9157385230064392e-01</leafValues></_>
        <_>
          <internalNodes>
            0 -1 57 2.3839831352233887e-02</internalNodes>
          <leafValues>
            9.5953084528446198e-02 -9.4295924901962280e-01</leafValues></_>
        <_>
          <internalNodes>
            0 -1 33 -1.4092427445575595e-03</internalNodes>
          <leafValues>
            5.5520117282867432e-01 -2.0291884243488312e-01</leafValues></_>
        <_>
          <internalNodes>
            0 -1 36 -1.0970374569296837e-02</internalNodes>
          <leafValues>
            -8.3941036462783813e-01 1.1279396712779999e-01</leafValues></_></weakClassifiers></_>
    <!-- stage 6 -->
    <_>
      <maxWeakCount>11</maxWeakCount>
      <stageThreshold>-1.1969076395034790e+00</stageThreshold>
      <weakClassifiers>
        <_>
          <internalNodes>
            0 -1 112 -1.7543733119964600e-02</internalNodes>
          <leafValues>
            -2.1052631735801697e-01 -8.2142859697341919e-01</leafValues></_>
        <_>
          <internalNodes>
            0 -1 23 -8.3853630349040031e-03</internalNodes>
          <leafValues>
            2.1931529045104980e-01 -4.6866944432258606e-01</leafValues></_>
        <_>
          <internalNodes>
            0 -1 70 -1.5655077993869781e-02</internalNodes>
          <leafValues>
            2.0215572416782379e-01 -5.2129101753234863e-01</leafValues></_>
        <_>
          <internalNodes>
            0 -1 56 5.7208468206226826e-04</internalNodes>
          <leafValues>
            -2.8226605057716370e-01 3.9611354470252991e-01</leafValues></_>
        <_>
          <internalNodes>
            0 -1 26 -4.0774211287498474e-02</internalNodes>
          <leafValues>
            4.7153508663177490e-01 -1.8893110752105713e-01</leafValues></_>
        <_>
          <internalNodes>
            0 -1 106 -1.6591936349868774e-02</internalNodes>
          <leafValues>
            4.1324305534362793e-01 -3.3773151040077209e-01</leafValues></_>
        <_>
          <internalNodes>
            0 -1 21 1.5747562050819397e-02</internalNodes>
          <leafValues>
            -2.0940901339054108e-01 5.3346717357635498e-01</leafValues></_>
        <_>
          <internalNodes>
            0 -1 80 3.4584333188831806e-03</internalNodes>
          <leafValues>
            -2.1836459636688232e-01 4.8452955484390259e-01</leafValues></_>
        <_>
          <internalNodes>
            0 -1 127 1.2953504920005798e-02</internalNodes>
          <leafValues>
            -1.8292598426342010e-01 5.0049030780792236e-01</leafValues></_>
        <_>
          <internalNodes>
            0 -1 117 -7.9962313175201416e-03</internalNodes>
          <leafValues>
            5.6026089191436768e-01 -1.9084297120571136e-01</leafValues></_>
        <_>
          <internalNodes>
            0 -1 131 -9.1765663819387555e-04</internalNodes>
          <leafValues>
            -5.3433579206466675e-01 2.0260965824127197e-01</leafValues></_></weakClassifiers></_>
    <!-- stage 7 -->
    <_>
      <maxWeakCount>14</maxWeakCount>
      <stageThreshold>-1.5340468883514404e+00</stageThreshold>
      <weakClassifiers>
        <_>
          <internalNodes>
            0 -1 35 1.9439160823822021e-02</internalNodes>
          <leafValues>
            -7.8031086921691895e-01 -2.0000000298023224e-01</leafValues></_>
        <_>
          <internalNodes>
            0 -1 17 1.4534162357449532e-02</internalNodes>
          <leafValues>
            -3.5326647758483887e-01 3.7831932306289673e-01</leafValues></_>
        <_>
          <internalNodes>
            0 -1 99 -4.9835231155157089e-02</internalNodes>
          <leafValues>
            -8.1070756912231445e-01 1.1001287400722504e-01</leafValues></_>
        <_>
          <internalNodes>
            0 -1 109 -1.0803632438182831e-02</internalNodes>
          <leafValues>
            1.5099881589412689e-01 -7.8630656003952026e-01</leafValues></_>
        <_>
          <internalNodes>
            0 -1 85 -1.1284489184617996e-02</internalNodes>
          <leafValues>
            2.5855007767677307e-01 -3.5162982344627380e-01</leafValues></_>
        <_>
          <internalNodes>
            0 -1 94 -2.1756377071142197e-02</internalNodes>
          <leafValues>
            -7.6442658901214600e-01 1.1108461767435074e-01</leafValues></_>
        <_>
          <internalNodes>
            0 -1 39 -2.0368300378322601e-02</internalNodes>
          <leafValues>
            4.4156181812286377e-01 -2.2962969541549683e-01</leafValues></_>
        <_>
          <internalNodes>
            0 -1 65 5.5380766279995441e-03</internalNodes>
          <leafValues>
            -2.2159671783447266e-01 4.0964427590370178e-01</leafValues></_>
        <_>
          <internalNodes>
            0 -1 121 -1.6451325267553329e-02</internalNodes>
          <leafValues>
            -1.5554983913898468e-01 5.4646855592727661e-01</leafValues></_>
        <_>
          <internalNodes>
            0 -1 91 -8.8985881302505732e-04</internalNodes>
          <leafValues>
            3.5926350951194763e-01 -2.7782326936721802e-01</leafValues></_>
        <_>
          <internalNodes>
            0 -1 41 -3.5103228874504566e-03</internalNodes>
          <leafValues>
            3.9585193991661072e-01 -2.3765103518962860e-01</leafValues></_>
        <_>
          <internalNodes>
            0 -1 133 -2.4599839001893997e-02</internalNodes>
          <leafValues>
            3.5694575309753418e-01 -2.4165844917297363e-01</leafValues></_>
        <_>
          <internalNodes>
            0 -1 98 6.3818749040365219e-03</internalNodes>
          <leafValues>
            -1.8454258143901825e-01 4.1676977276802063e-01</leafValues></_>
        <_>
          <internalNodes>
            0 -1 115 -2.4639917537570000e-02</internalNodes>
          <leafValues>
            6.5221750736236572e-01 -1.5385587513446808e-01</leafValues></_></weakClassifiers></_>
    <!-- stage 8 -->
    <_>
      <maxWeakCount>14</maxWeakCount>
      <stageThreshold>-1.4048395156860352e+00</stageThreshold>
      <weakClassifiers>
        <_>
          <internalNodes>
            0 -1 79 -1.1194668710231781e-02</internalNodes>
          <leafValues>
            -2.5688073039054871e-01 -7.5763750076293945e-01</leafValues></_>
        <_>
          <internalNodes>
            0 -1 10 -1.2587085366249084e-02</internalNodes>
          <leafValues>
            4.0870183706283569e-01 -3.1488448381423950e-01</leafValues></_>
        <_>
          <internalNodes>
            0 -1 53 -3.5880759358406067e-01</internalNodes>
          <leafValues>
            -6.1195844411849976e-01 1.7459505796432495e-01</leafValues></_>
        <_>
          <internalNodes>
            0 -1 134 -1.6222944483160973e-02</internalNodes>
          <leafValues>
            3.5100319981575012e-01 -3.0121064186096191e-01</leafValues></_>
        <_>
          <internalNodes>
            0 -1 77 -7.6989643275737762e-05</internalNodes>
          <leafValues>
            2.3703606426715851e-01 -4.2212566733360291e-01</leafValues></_>
        <_>
          <internalNodes>
            0 -1 40 -9.4061775598675013e-04</internalNodes>
          <leafValues>
            4.1122129559516907e-01 -1.8063741922378540e-01</leafValues></_>
        <_>
          <internalNodes>
            0 -1 27 5.8695450425148010e-03</internalNodes>
          <leafValues>
            -1.9567514955997467e-01 4.6317130327224731e-01</leafValues></_>
        <_>
          <internalNodes>
            0 -1 61 -5.6588794104754925e-03</internalNodes>
          <leafValues>
            4.4456613063812256e-01 -1.9832246005535126e-01</leafValues></_>
        <_>
          <internalNodes>
            0 -1 82 -1.0015970095992088e-02</internalNodes>
          <leafValues>
            -9.6916145086288452e-01 8.8583640754222870e-02</leafValues></_>
        <_>
          <internalNodes>
            0 -1 22 -7.9611856490373611e-03</internalNodes>
          <leafValues>
            3.1446850299835205e-01 -2.9137840867042542e-01</leafValues></_>
        <_>
          <internalNodes>
            0 -1 69 1.2027498334646225e-02</internalNodes>
          <leafValues>
            -1.7159871757030487e-01 4.9999099969863892e-01</leafValues></_>
        <_>
          <internalNodes>
            0 -1 104 -3.6678132601082325e-03</internalNodes>
          <leafValues>
            3.7841594219207764e-01 -3.0834850668907166e-01</leafValues></_>
        <_>
          <internalNodes>
            0 -1 124 -1.9784808158874512e-02</internalNodes>
          <leafValues>
            5.4024320840835571e-01 -1.4204865694046021e-01</leafValues></_>
        <_>
          <internalNodes>
            0 -1 76 2.7927860617637634e-02</internalNodes>
          <leafValues>
            -2.1247063577175140e-01 4.3218085169792175e-01</leafValues></_></weakClassifiers></_>
    <!-- stage 9 -->
    <_>
      <maxWeakCount>11</maxWeakCount>
      <stageThreshold>-1.4899781942367554e+00</stageThreshold>
      <weakClassifiers>
        <_>
          <internalNodes>
            0 -1 130 7.8427735716104507e-03</internalNodes>
          <leafValues>
            -7.4531835317611694e-01 -3.0303031206130981e-02</leafValues></_>
        <_>
          <internalNodes>
            0 -1 42 -1.4624277129769325e-02</internalNodes>
          <leafValues>
            -1.6841350123286247e-02 -8.5118037462234497e-01</leafValues></_>
        <_>
          <internalNodes>
            0 -1 75 -3.8077287375926971e-02</internalNodes>
          <leafValues>
            2.1741871535778046e-01 -3.6631068587303162e-01</leafValues></_>
        <_>
          <internalNodes>
            0 -1 12 -1.0661857202649117e-02</internalNodes>
          <leafValues>
            4.3769642710685730e-01 -2.2932954132556915e-01</leafValues></_>
        <_>
          <internalNodes>
            0 -1 88 -1.3446703553199768e-02</internalNodes>
          <leafValues>
            -3.8489580154418945e-01 2.5192788243293762e-01</leafValues></_>
        <_>
          <internalNodes>
            0 -1 28 -1.4191937446594238e-01</internalNodes>
          <leafValues>
            -8.0028277635574341e-01 9.4658434391021729e-02</leafValues></_>
        <_>
          <internalNodes>
            0 -1 123 -3.4155612229369581e-04</internalNodes>
          <leafValues>
            -6.2979590892791748e-01 1.1930138617753983e-01</leafValues></_>
        <_>
          <internalNodes>
            0 -1 90 1.3760997913777828e-02</internalNodes>
          <leafValues>
            -1.4578124880790710e-01 5.2505373954772949e-01</leafValues></_>
        <_>
          <internalNodes>
            0 -1 66 -2.6961741968989372e-02</internalNodes>
          <leafValues>
            4.6245655417442322e-01 -1.6671678423881531e-01</leafValues></_>
        <_>
          <internalNodes>
            0 -1 118 6.3529079779982567e-03</internalNodes>
          <leafValues>
            -2.1951504051685333e-01 3.5792681574821472e-01</leafValues></_>
        <_>
          <internalNodes>
            0 -1 72 -1.2992666102945805e-02</internalNodes>
          <leafValues>
            7.6828622817993164e-01 -8.5931040346622467e-02</leafValues></_></weakClassifiers></_>
    <!-- stage 10 -->
    <_>
      <maxWeakCount>17</maxWeakCount>
      <stageThreshold>-1.4984009265899658e+00</stageThreshold>
      <weakClassifiers>
        <_>
          <internalNodes>
            0 -1 84 6.7299734801054001e-03</internalNodes>
          <leafValues>
            -7.6591378450393677e-01 -2.3893804848194122e-01</leafValues></_>
        <_>
          <internalNodes>
            0 -1 19 2.6990557089447975e-03</internalNodes>
          <leafValues>
            -3.9991316199302673e-01 1.5220387279987335e-01</leafValues></_>
        <_>
          <internalNodes>
            0 -1 16 -2.0344853401184082e-01</internalNodes>
          <leafValues>
            -7.5773400068283081e-01 9.2020586133003235e-02</leafValues></_>
        <_>
          <internalNodes>
            0 -1 122 -2.0129496988374740e-04</internalNodes>
          <leafValues>
            -4.4318243861198425e-01 2.0615091919898987e-01</leafValues></_>
        <_>
          <internalNodes>
            0 -1 5 -2.4270072579383850e-02</internalNodes>
          <leafValues>
            3.9947441220283508e-01 -2.1658866107463837e-01</leafValues></_>
        <_>
          <internalNodes>
            0 -1 93 -6.8638771772384644e-03</internalNodes>
          <leafValues>
            2.1516641974449158e-01 -3.4529885649681091e-01</leafValues></_>
        <_>
          <internalNodes>
            0 -1 68 -5.8059617877006531e-03</internalNodes>
          <leafValues>
            3.8044607639312744e-01 -1.6675208508968353e-01</leafValues></_>
        <_>
          <internalNodes>
            0 -1 95 -9.3506037956103683e-05</internalNodes>
          <leafValues>
            2.5903701782226563e-01 -2.8573530912399292e-01</leafValues></_>
        <_>
          <internalNodes>
            0 -1 62 -1.7116001248359680e-01</internalNodes>
          <leafValues>
            -9.1568988561630249e-01 6.8806290626525879e-02</leafValues></_>
        <_>
          <internalNodes>
            0 -1 58 1.2468735803849995e-04</internalNodes>
          <leafValues>
            -2.2247949242591858e-01 3.1490680575370789e-01</leafValues></_>
        <_>
          <internalNodes>
            0 -1 24 -1.0570101439952850e-03</internalNodes>
          <leafValues>
            -5.3656494617462158e-01 1.4280579984188080e-01</leafValues></_>
        <_>
          <internalNodes>
            0 -1 0 -1.0864594951272011e-02</internalNodes>
          <leafValues>
            5.7343137264251709e-01 -1.9628804922103882e-01</leafValues></_>
        <_>
          <internalNodes>
            0 -1 102 -6.2631990294903517e-04</internalNodes>
          <leafValues>
            3.2941296696662903e-01 -2.5868213176727295e-01</leafValues></_>
        <_>
          <internalNodes>
            0 -1 60 4.5934431254863739e-02</internalNodes>
          <leafValues>
            -2.3765510320663452e-01 3.2077547907829285e-01</leafValues></_>
        <_>
          <internalNodes>
            0 -1 15 5.2649816498160362e-03</internalNodes>
          <leafValues>
            -2.7179107069969177e-01 3.0700674653053284e-01</leafValues></_>
        <_>
          <internalNodes>
            0 -1 48 -1.0489258915185928e-02</internalNodes>
          <leafValues>
            5.2368879318237305e-01 -1.7894229292869568e-01</leafValues></_>
        <_>
          <internalNodes>
            0 -1 46 -2.9591415077447891e-03</internalNodes>
          <leafValues>
            -5.0875836610794067e-01 1.5145763754844666e-01</leafValues></_></weakClassifiers></_>
    <!-- stage 11 -->
    <_>
      <maxWeakCount>17</maxWeakCount>
      <stageThreshold>-1.1793254613876343e+00</stageThreshold>
      <weakClassifiers>
        <_>
          <internalNodes>
            0 -1 31 4.8567064106464386e-02</internalNodes>
          <leafValues>
            -7.2802960872650146e-01 -1.0924369841814041e-01</leafValues></_>
        <_>
          <internalNodes>
            0 -1 87 -9.3583632260560989e-03</internalNodes>
          <leafValues>
            -7.0891864597797394e-02 -7.6105058193206787e-01</leafValues></_>
        <_>
          <internalNodes>
            0 -1 1 -2.6455814018845558e-02</internalNodes>
          <leafValues>
            3.2114213705062866e-01 -1.8380424380302429e-01</leafValues></_>
        <_>
          <internalNodes>
            0 -1 100 7.3388908058404922e-03</internalNodes>
          <leafValues>
            -1.1695016920566559e-01 4.1009449958801270e-01</leafValues></_>
        <_>
          <internalNodes>
            0 -1 132 -7.4306890368461609e-02</internalNodes>
          <leafValues>
            -6.3738393783569336e-01 1.2330492585897446e-01</leafValues></_>
        <_>
          <internalNodes>
            0 -1 108 -1.1535363271832466e-02</internalNodes>
          <leafValues>
            -7.6230877637863159e-01 7.7160604298114777e-02</leafValues></_>
        <_>
          <internalNodes>
            0 -1 4 9.8390430212020874e-02</internalNodes>
          <leafValues>
            -1.3311645388603210e-01 5.7595914602279663e-01</leafValues></_>
        <_>
          <internalNodes>
            0 -1 32 -1.6651481389999390e-02</internalNodes>
          <leafValues>
            2.5170418620109558e-01 -2.7978977560997009e-01</leafValues></_>
        <_>
          <internalNodes>
            0 -1 63 -8.9149046689271927e-03</internalNodes>
          <leafValues>
            3.8843372464179993e-01 -1.9278995692729950e-01</leafValues></_>
        <_>
          <internalNodes>
            0 -1 111 -1.7397286137565970e-04</internalNodes>
          <leafValues>
            3.8313332200050354e-01 -1.8763703107833862e-01</leafValues></_>
        <_>
          <internalNodes>
            0 -1 101 -1.1212332174181938e-03</internalNodes>
          <leafValues>
            -4.2161688208580017e-01 1.5696237981319427e-01</leafValues></_>
        <_>
          <internalNodes>
            0 -1 97 3.7472303956747055e-02</internalNodes>
          <leafValues>
            -1.4634302258491516e-01 4.6759790182113647e-01</leafValues></_>
        <_>
          <internalNodes>
            0 -1 125 3.9195418357849121e-03</internalNodes>
          <leafValues>
            -1.4772169291973114e-01 4.4500002264976501e-01</leafValues></_>
        <_>
          <internalNodes>
            0 -1 67 -6.3096638768911362e-03</internalNodes>
          <leafValues>
            -8.2744646072387695e-01 8.1156894564628601e-02</leafValues></_>
        <_>
          <internalNodes>
            0 -1 13 -1.0045848786830902e-01</internalNodes>
          <leafValues>
            6.1077672243118286e-01 -1.2099583446979523e-01</leafValues></_>
        <_>
          <internalNodes>
            0 -1 92 -7.4745825259014964e-04</internalNodes>
          <leafValues>
            3.7484991550445557e-01 -1.9619165360927582e-01</leafValues></_>
        <_>
          <internalNodes>
            0 -1 74 3.2814389560371637e-03</internalNodes>
          <leafValues>
            -1.8449757993221283e-01 3.7876024842262268e-01</leafValues></_></weakClassifiers></_></stages>
  <features>
    <_>
      <rects>
        <_>
          0 0 19 2 -1.</_>
        <_>
          0 1 19 1 2.</_></rects>
      <tilted>0</tilted></_>
    <_>
      <rects>
        <_>
          0 1 6 6 -1.</_>
        <_>
          0 4 6 3 2.</_></rects>
      <tilted>0</tilted></_>
    <_>
      <rects>
        <_>
          0 2 2 14 -1.</_>
        <_>
          0 2 1 7 2.</_>
        <_>
          1 9 1 7 2.</_></rects>
      <tilted>0</tilted></_>
    <_>
      <rects>
        <_>
          0 4 6 11 -1.</_>
        <_>
          3 4 3 11 2.</_></rects>
      <tilted>0</tilted></_>
    <_>
      <rects>
        <_>
          0 4 10 20 -1.</_>
        <_>
          5 4 5 20 2.</_></rects>
      <tilted>0</tilted></_>
    <_>
      <rects>
        <_>
          0 8 4 11 -1.</_>
        <_>
          2 8 2 11 2.</_></rects>
      <tilted>0</tilted></_>
    <_>
      <rects>
        <_>
          0 10 2 9 -1.</_>
        <_>
          1 10 1 9 2.</_></rects>
      <tilted>0</tilted></_>
    <_>
      <rects>
        <_>
          0 10 8 12 -1.</_>
        <_>
          0 10 4 6 2.</_>
        <_>
          4 16 4 6 2.</_></rects>
      <tilted>0</tilted></_>
    <_>
      <rects>
        <_>
          0 10 24 12 -1.</_>
        <_>
          0 14 24 4 2.</_></rects>
      <tilted>0</tilted></_>
    <_>
      <rects>
        <_>
          0 11 2 7 -1.</_>
        <_>
          1 11 1 7 2.</_></rects>
      <tilted>0</tilted></_>
    <_>
      <rects>
        <_>
          0 12 2 10 -1.</_>
        <_>
          1 12 1 10 2.</_></rects>
      <tilted>0</tilted></_>
    <_>
      <rects>
        <_>
          0 14 4 9 -1.</_>
        <_>
          2 14 2 9 2.</_></rects>
      <tilted>0</tilted></_>
    <_>
      <rects>
        <_>
          0 19 6 3 -1.</_>
        <_>
          3 19 3 3 2.</_></rects>
      <tilted>0</tilted></_>
    <_>
      <rects>
        <_>
          1 0 3 18 -1.</_>
        <_>
          1 9 3 9 2.</_></rects>
      <tilted>0</tilted></_>
    <_>
      <rects>
        <_>
          1 1 13 4 -1.</_>
        <_>
          1 3 13 2 2.</_></rects>
      <tilted>0</tilted></_>
    <_>
      <rects>
        <_>
          1 2 10 4 -1.</_>
        <_>
          1 2 5 2 2.</_>
        <_>
          6 4 5 2 2.</_></rects>
      <tilted>0</tilted></_>
    <_>
      <rects>
        <_>
          1 2 20 22 -1.</_>
        <_>
          1 2 10 11 2.</_>
        <_>
          11 13 10 11 2.</_></rects>
      <tilted>0</tilted></_>
    <_>
      <rects>
        <_>
          1 5 4 7 -1.</_>
        <_>
          3 5 2 7 2.</_></rects>
      <tilted>0</tilted></_>
    <_>
      <rects>
        <_>
          1 6 4 2 -1.</_>
        <_>
          3 6 2 2 2.</_></rects>
      <tilted>0</tilted></_>
    <_>
      <rects>
        <_>
          1 11 4 3 -1.</_>
        <_>
          3 11 2 3 2.</_></rects>
      <tilted>0</tilted></_>
    <_>
      <rects>
        <_>
          1 16 8 6 -1.</_>
        <_>
          1 16 4 3 2.</_>
        <_>
          5 19 4 3 2.</_></rects>
      <tilted>0</tilted></_>
    <_>
      <rects>
        <_>
          1 16 22 4 -1.</_>
        <_>
          1 18 22 2 2.</_></rects>
      <tilted>0</tilted></_>
    <_>
      <rects>
        <_>
          1 21 1 3 -1.</_>
        <_>
          1 22 1 1 2.</_></rects>
      <tilted>0</tilted></_>
    <_>
      <rects>
        <_>
          2 0 1 3 -1.</_>
        <_>
          2 1 1 1 2.</_></rects>
      <tilted>0</tilted></_>
    <_>
      <rects>
        <_>
          2 0 3 2 -1.</_>
        <_>
          2 1 3 1 2.</_></rects>
      <tilted>0</tilted></_>
    <_>
      <rects>
        <_>
          2 0 3 12 -1.</_>
        <_>
          2 6 3 6 2.</_></rects>
      <tilted>0</tilted></_>
    <_>
      <rects>
        <_>
          2 0 12 6 -1.</_>
        <_>
          2 3 12 3 2.</_></rects>
      <tilted>0</tilted></_>
    <_>
      <rects>
        <_>
          2 5 4 6 -1.</_>
        <_>
          2 5 2 3 2.</_>
        <_>
          4 8 2 3 2.</_></rects>
      <tilted>0</tilted></_>
    <_>
      <rects>
        <_>
          2 5 10 16 -1.</_>
        <_>
          2 13 10 8 2.</_></rects>
      <tilted>0</tilted></_>
    <_>
      <rects>
        <_>
          2 16 18 6 -1.</_>
        <_>
          2 18 18 2 2.</_></rects>
      <tilted>0</tilted></_>
    <_>
      <rects>
        <_>
          3 0 4 8 -1.</_>
        <_>
          3 4 4 4 2.</_></rects>
      <tilted>0</tilted></_>
    <_>
      <rects>
        <_>
          3 0 6 10 -1.</_>
        <_>
          3 5 6 5 2.</_></rects>
      <tilted>0</tilted></_>
    <_>
      <rects>
        <_>
          3 13 14 8 -1.</_>
        <_>
          3 13 7 4 2.</_>
        <_>
          10 17 7 4 2.</_></rects>
      <tilted>0</tilted></_>
    <_>
      <rects>
        <_>
          3 20 3 2 -1.</_>
        <_>
          3 21 3 1 2.</_></rects>
      <tilted>0</tilted></_>
    <_>
      <rects>
        <_>
          3 22 8 2 -1.</_>
        <_>
          3 23 8 1 2.</_></rects>
      <tilted>0</tilted></_>
    <_>
      <rects>
        <_>
          3 22 13 2 -1.</_>
        <_>
          3 23 13 1 2.</_></rects>
      <tilted>0</tilted></_>
    <_>
      <rects>
        <_>
          4 0 1 3 -1.</_>
        <_>
          4 1 1 1 2.</_></rects>
      <tilted>0</tilted></_>
    <_>
      <rects>
        <_>
          4 1 13 2 -1.</_>
        <_>
          4 2 13 1 2.</_></rects>
      <tilted>0</tilted></_>
    <_>
      <rects>
        <_>
          5 0 9 6 -1.</_>
        <_>
          5 3 9 3 2.</_></rects>
      <tilted>0</tilted></_>
    <_>
      <rects>
        <_>
          5 1 12 4 -1.</_>
        <_>
          5 3 12 2 2.</_></rects>
      <tilted>0</tilted></_>
    <_>
      <rects>
        <_>
          5 3 2 4 -1.</_>
        <_>
          5 3 1 2 2.</_>
        <_>
          6 5 1 2 2.</_></rects>
      <tilted>0</tilted></_>
    <_>
      <rects>
        <_>
          5 6 2 6 -1.</_>
        <_>
          5 9 2 3 2.</_></rects>
      <tilted>0</tilted></_>
    <_>
      <rects>
        <_>
          5 10 1 12 -1.</_>
        <_>
          5 14 1 4 2.</_></rects>
      <tilted>0</tilted></_>
    <_>
      <rects>
        <_>
          5 13 2 6 -1.</_>
        <_>
          5 13 1 3 2.</_>
        <_>
          6 16 1 3 2.</_></rects>
      <tilted>0</tilted></_>
    <_>
      <rects>
        <_>
          5 20 13 2 -1.</_>
        <_>
          5 21 13 1 2.</_></rects>
      <tilted>0</tilted></_>
    <_>
      <rects>
        <_>
          5 22 16 2 -1.</_>
        <_>
          5 23 16 1 2.</_></rects>
      <tilted>0</tilted></_>
    <_>
      <rects>
        <_>
          6 0 8 1 -1.</_>
        <_>
          10 0 4 1 2.</_></rects>
      <tilted>0</tilted></_>
    <_>
      <rects>
        <_>
          6 1 16 4 -1.</_>
        <_>
          6 3 16 2 2.</_></rects>
      <tilted>0</tilted></_>
    <_>
      <rects>
        <_>
          6 2 6 4 -1.</_>
        <_>
          6 4 6 2 2.</_></rects>
      <tilted>0</tilted></_>
    <_>
      <rects>
        <_>
          6 22 10 2 -1.</_>
        <_>
          6 23 10 1 2.</_></rects>
      <tilted>0</tilted></_>
    <_>
      <rects>
        <_>
          7 0 12 3 -1.</_>
        <_>
          11 0 4 3 2.</_></rects>
      <tilted>0</tilted></_>
    <_>
      <rects>
        <_>
          7 1 14 4 -1.</_>
        <_>
          7 3 14 2 2.</_></rects>
      <tilted>0</tilted></_>
    <_>
      <rects>
        <_>
          7 2 2 4 -1.</_>
        <_>
          7 2 1 2 2.</_>
        <_>
          8 4 1 2 2.</_></rects>
      <tilted>0</tilted></_>
    <_>
      <rects>
        <_>
          7 6 15 10 -1.</_>
        <_>
          12 6 5 10 2.</_></rects>
      <tilted>0</tilted></_>
    <_>
      <rects>
        <_>
          7 7 5 3 -1.</_>
        <_>
          7 8 5 1 2.</_></rects>
      <tilted>0</tilted></_>
    <_>
      <rects>
        <_>
          8 0 9 4 -1.</_>
        <_>
          8 2 9 2 2.</_></rects>
      <tilted>0</tilted></_>
    <_>
      <rects>
        <_>
          8 3 3 2 -1.</_>
        <_>
          8 4 3 1 2.</_></rects>
      <tilted>0</tilted></_>
    <_>
      <rects>
        <_>
          8 5 8 6 -1.</_>
        <_>
          8 8 8 3 2.</_></rects>
      <tilted>0</tilted></_>
    <_>
      <rects>
        <_>
          8 7 1 2 -1.</_>
        <_>
          8 8 1 1 2.</_></rects>
      <tilted>0</tilted></_>
    <_>
      <rects>
        <_>
          8 9 9 4 -1.</_>
        <_>
          11 9 3 4 2.</_></rects>
      <tilted>0</tilted></_>
    <_>
      <rects>
        <_>
          8 20 14 4 -1.</_>
        <_>
          8 22 14 2 2.</_></rects>
      <tilted>0</tilted></_>
    <_>
      <rects>
        <_>
          9 3 6 4 -1.</_>
        <_>
          12 3 3 4 2.</_></rects>
      <tilted>0</tilted></_>
    <_>
      <rects>
        <_>
          9 3 14 21 -1.</_>
        <_>
          16 3 7 21 2.</_></rects>
      <tilted>0</tilted></_>
    <_>
      <rects>
        <_>
          9 5 12 4 -1.</_>
        <_>
          9 7 12 2 2.</_></rects>
      <tilted>0</tilted></_>
    <_>
      <rects>
        <_>
          9 15 4 1 -1.</_>
        <_>
          11 15 2 1 2.</_></rects>
      <tilted>0</tilted></_>
    <_>
      <rects>
        <_>
          10 0 3 6 -1.</_>
        <_>
          10 3 3 3 2.</_></rects>
      <tilted>0</tilted></_>
    <_>
      <rects>
        <_>
          10 0 11 4 -1.</_>
        <_>
          10 2 11 2 2.</_></rects>
      <tilted>0</tilted></_>
    <_>
      <rects>
        <_>
          10 4 1 6 -1.</_>
        <_>
          10 7 1 3 2.</_></rects>
      <tilted>0</tilted></_>
    <_>
      <rects>
        <_>
          10 4 8 2 -1.</_>
        <_>
          14 4 4 2 2.</_></rects>
      <tilted>0</tilted></_>
    <_>
      <rects>
        <_>
          10 5 14 1 -1.</_>
        <_>
          17 5 7 1 2.</_></rects>
      <tilted>0</tilted></_>
    <_>
      <rects>
        <_>
          10 8 5 14 -1.</_>
        <_>
          10 15 5 7 2.</_></rects>
      <tilted>0</tilted></_>
    <_>
      <rects>
        <_>
          10 16 3 6 -1.</_>
        <_>
          10 18 3 2 2.</_></rects>
      <tilted>0</tilted></_>
    <_>
      <rects>
        <_>
          10 20 5 4 -1.</_>
        <_>
          10 22 5 2 2.</_></rects>
      <tilted>0</tilted></_>
    <_>
      <rects>
        <_>
          10 20 12 4 -1.</_>
        <_>
          10 22 12 2 2.</_></rects>
      <tilted>0</tilted></_>
    <_>
      <rects>
        <_>
          11 6 8 1 -1.</_>
        <_>
          15 6 4 1 2.</_></rects>
      <tilted>0</tilted></_>
    <_>
      <rects>
        <_>
          11 8 6 14 -1.</_>
        <_>
          11 15 6 7 2.</_></rects>
      <tilted>0</tilted></_>
    <_>
      <rects>
        <_>
          11 13 8 10 -1.</_>
        <_>
          11 13 4 5 2.</_>
        <_>
          15 18 4 5 2.</_></rects>
      <tilted>0</tilted></_>
    <_>
      <rects>
        <_>
          11 19 4 2 -1.</_>
        <_>
          11 20 4 1 2.</_></rects>
      <tilted>0</tilted></_>
    <_>
      <rects>
        <_>
          11 19 5 2 -1.</_>
        <_>
          11 20 5 1 2.</_></rects>
      <tilted>0</tilted></_>
    <_>
      <rects>
        <_>
          11 22 12 2 -1.</_>
        <_>
          11 22 6 1 2.</_>
        <_>
          17 23 6 1 2.</_></rects>
      <tilted>0</tilted></_>
    <_>
      <rects>
        <_>
          12 2 9 2 -1.</_>
        <_>
          12 3 9 1 2.</_></rects>
      <tilted>0</tilted></_>
    <_>
      <rects>
        <_>
          12 3 4 3 -1.</_>
        <_>
          12 4 4 1 2.</_></rects>
      <tilted>0</tilted></_>
    <_>
      <rects>
        <_>
          12 5 3 1 -1.</_>
        <_>
          13 5 1 1 2.</_></rects>
      <tilted>0</tilted></_>
    <_>
      <rects>
        <_>
          12 10 5 12 -1.</_>
        <_>
          12 16 5 6 2.</_></rects>
      <tilted>0</tilted></_>
    <_>
      <rects>
        <_>
          12 22 3 2 -1.</_>
        <_>
          12 23 3 1 2.</_></rects>
      <tilted>0</tilted></_>
    <_>
      <rects>
        <_>
          13 6 4 10 -1.</_>
        <_>
          13 11 4 5 2.</_></rects>
      <tilted>0</tilted></_>
    <_>
      <rects>
        <_>
          13 7 3 5 -1.</_>
        <_>
          14 7 1 5 2.</_></rects>
      <tilted>0</tilted></_>
    <_>
      <rects>
        <_>
          13 8 2 3 -1.</_>
        <_>
          13 9 2 1 2.</_></rects>
      <tilted>0</tilted></_>
    <_>
      <rects>
        <_>
          13 10 3 2 -1.</_>
        <_>
          14 10 1 2 2.</_></rects>
      <tilted>0</tilted></_>
    <_>
      <rects>
        <_>
          13 20 8 4 -1.</_>
        <_>
          13 22 8 2 2.</_></rects>
      <tilted>0</tilted></_>
    <_>
      <rects>
        <_>
          14 0 7 4 -1.</_>
        <_>
          14 2 7 2 2.</_></rects>
      <tilted>0</tilted></_>
    <_>
      <rects>
        <_>
          14 2 4 2 -1.</_>
        <_>
          16 2 2 2 2.</_></rects>
      <tilted>0</tilted></_>
    <_>
      <rects>
        <_>
          14 5 2 4 -1.</_>
        <_>
          15 5 1 4 2.</_></rects>
      <tilted>0</tilted></_>
    <_>
      <rects>
        <_>
          14 5 4 10 -1.</_>
        <_>
          14 10 4 5 2.</_></rects>
      <tilted>0</tilted></_>
    <_>
      <rects>
        <_>
          14 8 2 10 -1.</_>
        <_>
          14 13 2 5 2.</_></rects>
      <tilted>0</tilted></_>
    <_>
      <rects>
        <_>
          14 20 3 2 -1.</_>
        <_>
          14 21 3 1 2.</_></rects>
      <tilted>0</tilted></_>
    <_>
      <rects>
        <_>
          15 5 2 10 -1.</_>
        <_>
          15 10 2 5 2.</_></rects>
      <tilted>0</tilted></_>
    <_>
      <rects>
        <_>
          16 2 8 8 -1.</_>
        <_>
          16 6 8 4 2.</_></rects>
      <tilted>0</tilted></_>
    <_>
      <rects>
        <_>
          16 18 1 6 -1.</_>
        <_>
          16 21 1 3 2.</_></rects>
      <tilted>0</tilted></_>
    <_>
      <rects>
        <_>
          16 18 3 6 -1.</_>
        <_>
          17 18 1 6 2.</_></rects>
      <tilted>0</tilted></_>
    <_>
      <rects>
        <_>
          16 21 4 2 -1.</_>
        <_>
          16 22 4 1 2.</_></rects>
      <tilted>0</tilted></_>
    <_>
      <rects>
        <_>
          16 23 8 1 -1.</_>
        <_>
          20 23 4 1 2.</_></rects>
      <tilted>0</tilted></_>
    <_>
      <rects>
        <_>
          17 2 2 5 -1.</_>
        <_>
          18 2 1 5 2.</_></rects>
      <tilted>0</tilted></_>
    <_>
      <rects>
        <_>
          17 5 7 6 -1.</_>
        <_>
          17 8 7 3 2.</_></rects>
      <tilted>0</tilted></_>
    <_>
      <rects>
        <_>
          17 7 6 2 -1.</_>
        <_>
          20 7 3 2 2.</_></rects>
      <tilted>0</tilted></_>
    <_>
      <rects>
        <_>
          17 18 3 6 -1.</_>
        <_>
          17 21 3 3 2.</_></rects>
      <tilted>0</tilted></_>
    <_>
      <rects>
        <_>
          17 23 6 1 -1.</_>
        <_>
          19 23 2 1 2.</_></rects>
      <tilted>0</tilted></_>
    <_>
      <rects>
        <_>
          18 0 1 10 -1.</_>
        <_>
          18 5 1 5 2.</_></rects>
      <tilted>0</tilted></_>
    <_>
      <rects>
        <_>
          18 0 6 4 -1.</_>
        <_>
          21 0 3 4 2.</_></rects>
      <tilted>0</tilted></_>
    <_>
      <rects>
        <_>
          18 13 3 3 -1.</_>
        <_>
          18 14 3 1 2.</_></rects>
      <tilted>0</tilted></_>
    <_>
      <rects>
        <_>
          18 15 6 9 -1.</_>
        <_>
          21 15 3 9 2.</_></rects>
      <tilted>0</tilted></_>
    <_>
      <rects>
        <_>
          18 18 2 1 -1.</_>
        <_>
          19 18 1 1 2.</_></rects>
      <tilted>0</tilted></_>
    <_>
      <rects>
        <_>
          18 23 6 1 -1.</_>
        <_>
          20 23 2 1 2.</_></rects>
      <tilted>0</tilted></_>
    <_>
      <rects>
        <_>
          19 9 5 3 -1.</_>
        <_>
          19 10 5 1 2.</_></rects>
      <tilted>0</tilted></_>
    <_>
      <rects>
        <_>
          20 0 4 17 -1.</_>
        <_>
          22 0 2 17 2.</_></rects>
      <tilted>0</tilted></_>
    <_>
      <rects>
        <_>
          20 4 4 14 -1.</_>
        <_>
          22 4 2 14 2.</_></rects>
      <tilted>0</tilted></_>
    <_>
      <rects>
        <_>
          20 7 4 6 -1.</_>
        <_>
          22 7 2 6 2.</_></rects>
      <tilted>0</tilted></_>
    <_>
      <rects>
        <_>
          20 7 4 8 -1.</_>
        <_>
          22 7 2 8 2.</_></rects>
      <tilted>0</tilted></_>
    <_>
      <rects>
        <_>
          20 8 2 14 -1.</_>
        <_>
          20 8 1 7 2.</_>
        <_>
          21 15 1 7 2.</_></rects>
      <tilted>0</tilted></_>
    <_>
      <rects>
        <_>
          20 9 2 12 -1.</_>
        <_>
          20 9 1 6 2.</_>
        <_>
          21 15 1 6 2.</_></rects>
      <tilted>0</tilted></_>
    <_>
      <rects>
        <_>
          20 11 4 10 -1.</_>
        <_>
          22 11 2 10 2.</_></rects>
      <tilted>0</tilted></_>
    <_>
      <rects>
        <_>
          20 16 2 6 -1.</_>
        <_>
          20 18 2 2 2.</_></rects>
      <tilted>0</tilted></_>
    <_>
      <rects>
        <_>
          22 0 1 2 -1.</_>
        <_>
          22 1 1 1 2.</_></rects>
      <tilted>0</tilted></_>
    <_>
      <rects>
        <_>
          22 0 2 2 -1.</_>
        <_>
          22 0 1 1 2.</_>
        <_>
          23 1 1 1 2.</_></rects>
      <tilted>0</tilted></_>
    <_>
      <rects>
        <_>
          22 4 1 18 -1.</_>
        <_>
          22 13 1 9 2.</_></rects>
      <tilted>0</tilted></_>
    <_>
      <rects>
        <_>
          22 6 2 3 -1.</_>
        <_>
          23 6 1 3 2.</_></rects>
      <tilted>0</tilted></_>
    <_>
      <rects>
        <_>
          22 6 2 6 -1.</_>
        <_>
          23 6 1 6 2.</_></rects>
      <tilted>0</tilted></_>
    <_>
      <rects>
        <_>
          22 7 2 12 -1.</_>
        <_>
          23 7 1 12 2.</_></rects>
      <tilted>0</tilted></_>
    <_>
      <rects>
        <_>
          22 8 2 7 -1.</_>
        <_>
          23 8 1 7 2.</_></rects>
      <tilted>0</tilted></_>
    <_>
      <rects>
        <_>
          22 8 2 12 -1.</_>
        <_>
          23 8 1 12 2.</_></rects>
      <tilted>0</tilted></_>
    <_>
      <rects>
        <_>
          22 11 2 3 -1.</_>
        <_>
          23 11 1 3 2.</_></rects>
      <tilted>0</tilted></_>
    <_>
      <rects>
        <_>
          23 1 1 6 -1.</_>
        <_>
          23 4 1 3 2.</_></rects>
      <tilted>0</tilted></_>
    <_>
      <rects>
        <_>
          23 3 1 21 -1.</_>
        <_>
          23 10 1 7 2.</_></rects>
      <tilted>0</tilted></_>
    <_>
      <rects>
        <_>
          23 4 1 9 -1.</_>
        <_>
          23 7 1 3 2.</_></rects>
      <tilted>0</tilted></_>
    <_>
      <rects>
        <_>
          23 16 1 6 -1.</_>
        <_>
          23 18 1 2 2.</_></rects>
      <tilted>0</tilted></_></features></cascade>
</opencv_storage>
